name,url,type,territory,municipality,dialect_class,language,notes
28 Kanala,https://www.28kanala.eus,telebista,Hegoalde,Gernika-Lumo,western,eu,Bizkaia local TV [Tokikom member verified via Wikipedia]
Aiaraldea,https://aiaraldea.eus,tokikoa,Hegoalde,Laudio,western,eu,Tokikom member (from Wikipedia)
Aikor,https://aikor.eus,tokikoa,Hegoalde,Ondarroa,western,eu,"⚠ sitemap OK, extraction failed. Lea-Artibai coast, dialectal content [Tokikom member verified via Wikipedia]"
Aiurri,https://aiurri.eus,tokikoa,Hegoalde,Andoain,central,eu,✓ 10 articles (3508 avg chars). Buruntzaldea region [Tokikom member verified via Wikipedia]
Alea,https://alea.eus,tokikoa,Hegoalde,Gasteiz,batua,eu,Tokikom member (from Wikipedia)
Amezti,https://amezti.eus,tokikoa,Hegoalde,Ultzama,navarrese,eu,"⚠ sitemap OK, no articles. Tokikom member (from Wikipedia)"
Anboto,https://anboto.org,tokikoa,Hegoalde,Durango,western,eu,"Durangaldea region, Western dialect [Tokikom member verified via Wikipedia]"
Antxeta Irratia,https://www.antxetamedia.eus,irratia,Iparralde,Hendaia,nav-lab,eu,Bidasoa-Txingudi cross-border radio
Antxetamedia,https://www.antxetamedia.eus,irratia,Iparralde,Hendaia,nav-lab,eu,Tokikom member (from Wikipedia)
Argia,https://www.argia.eus,aldizkaria,Hegoalde,Lasarte-Oria,batua,eu,"✗ JS-rendered, needs Playwright. General weekly magazine, oldest in Basque"
Arraio Irratia,https://arraioirratia.eus,irratia,Hegoalde,Zarautz,central,eu,Zarautz radio
Arrosa Sarea,https://www.arrosasarea.eus,irratia,Hegoalde,Oiartzun,batua,eu,Network of Basque local radios
Ataria,https://ataria.eus,tokikoa,Hegoalde,Tolosa,central,eu,✓ 10 articles (3328 avg chars). Tolosaldea digital [Tokikom member verified via Wikipedia]
Baigura,https://baigura.eus,tokikoa,Iparralde,Hazparne,nav-lab,eu,Nafarroa Beherea
Baleike,https://baleike.eus,tokikoa,Hegoalde,Zumaia,central,eu,Zumaia local
Barren,https://barren.eus,tokikoa,Hegoalde,Elgoibar,western,eu,Elgoibar [Tokikom member verified via Wikipedia]
Begitu,https://begitu.eus,tokikoa,Hegoalde,Arratzu,western,eu,✓ 10 articles (1046 avg chars). Tokikom member (from Wikipedia)
Berdin,https://berdin.eus,tokikoa,Hegoalde,Legazpi,central,eu,Urola Garaia
Berria,https://www.berria.eus,egunkaria,Hegoalde,Andoain,batua,eu,"✗ JS-rendered, needs Playwright. Only all-Basque daily newspaper"
Bertsolari aldizkaria,https://www.bertsolari.eus,aldizkaria,Hegoalde,Andoain,batua,eu,Bertsolaritza magazine
Bilbo Hiria Irratia,https://www.bilbohiria.eus,irratia,Hegoalde,Bilbo,western,eu,Bilbao community radio
Bizkaia Irratia,https://www.bizkaiairratia.eus,irratia,Hegoalde,Bilbo,western,eu,Bizkaia radio
Busturialdeko Hitza,https://busturialdea.hitza.eus,tokikoa,Hegoalde,Gernika-Lumo,western,eu,"⚠ paywall excerpts (864 avg chars). Busturialdea, Western dialect"
Dantzan,https://dantzan.eus,aldizkaria,Hegoalde,Donostia,batua,eu,Basque dance magazine
Deia (euskara),https://www.deia.eus,egunkaria,Hegoalde,Bilbo,es+batua,eu,"Spanish+Batua bilingual. Basque section, Bizkaia-focused"
Drogetenitturri,https://drogetenitturri.eus,tokikoa,Hegoalde,Ermua,western,eu,Ermua
EITB,https://www.eitb.eus,telebista-irratia,Hegoalde,Bilbo,batua,eu,"✗ JS-rendered, needs Playwright. Basque public broadcasting (ETB1, ETB2, radio)"
El Diario Vasco (euskara),https://www.diariovasco.com,egunkaria,Hegoalde,Donostia,es+batua,es+eu,"Spanish+Batua bilingual. Basque section of Spanish newspaper, Gipuzkoa-focused"
Elhuyar aldizkaria,https://www.elhuyar.eus,aldizkaria,Hegoalde,Usurbil,batua,eu,Science & technology magazine
Erlo Telebista,https://www.erlotelebista.eus,telebista,Hegoalde,Azpeitia,central,eu,"Local TV, Urola"
Erran,https://erran.eus,tokikoa,Iparralde,Donibane Lohizune,nav-lab,eu,✓ 10 articles (2187 avg chars). Lapurdi coast [Tokikom member verified via Wikipedia]
Erran.eus (Baztan),https://erran.eus,tokikoa,Hegoalde,Elizondo,navarrese,eu,"Baztan area, 2nd URL also serves Nafarroa"
Eta kitto!,https://etakitto.eus,tokikoa,Hegoalde,Eibar,western,eu,"✓ 10 articles (2352 avg chars). Eibar, dialectal content"
Euskadi Irratia,https://www.eitb.eus/eu/irratia/euskadi-irratia/,irratia,Hegoalde,Donostia,batua,eu,"EITB public radio, standard Basque"
Euskal Irratiak (Iparralde),https://www.euskalirratiak.eus,irratia,Iparralde,Baiona,nav-lab,eu,Iparralde radio network
Euskalerria Irratia,https://euskalerriairratia.eus,irratia,Hegoalde,Iruñea,batua,eu,Iruñerria radio [Tokikom member verified via Wikipedia]
EuskalKultura,https://www.euskalkultura.eus,aldizkaria,Hegoalde,Donostia,batua,eu,Basque diaspora magazine
Euskonews,https://www.euskonews.eus,aldizkaria,Hegoalde,Donostia,batua,eu,Basque science & culture magazine
Gara (euskara),https://www.naiz.eus,egunkaria,Hegoalde,Donostia,batua,es+eu,Spanish+Batua bilingual. Naiz is digital platform of Gara
Geuria,https://www.geuria.eus,tokikoa,Hegoalde,Basauri,western,eu,Bilbo metropolitan area [Tokikom member verified via Wikipedia]
GiTB,https://www.gitb.eus,telebista,Hegoalde,Ordizia,central,eu,Tokikom member (from Wikipedia)
GITB - Goierri Irrati Telebista,https://www.gitb.eus,irratia,Hegoalde,Ordizia,central,eu,Goierri radio & TV
Goiena,https://goiena.eus,tokikoa,Hegoalde,Arrasate,western,eu,"Debagoiena region, Western dialect area [Tokikom member verified via Wikipedia]"
Goierriko Hitza,https://goierri.hitza.eus,tokikoa,Hegoalde,Ordizia,central,eu,"⚠ paywall excerpts (1716 avg chars). Goierri region, Central dialect"
Guaixe,https://guaixe.eus,tokikoa,Hegoalde,Altsasu,central,eu,"⚠ sitemap OK, extraction failed. Sakana region [Tokikom member verified via Wikipedia]"
Guka,https://www.guka.eus,tokikoa,Hegoalde,Getxo,western,eu,Getxo area
Gure Irratia,https://gureirratia.eus,irratia,Iparralde,Baiona,nav-lab,eu,Iparralde radio
Hamaika Telebista,https://hamaika.eus,telebista,Hegoalde,Hernani,central,eu,"Basque TV, Gipuzkoa"
Hamaika Telebista (Bilbo),https://hamaika.eus,telebista,Hegoalde,Hernani,western,eu,Bilbo edition
Herria,https://herria.eus,tokikoa,Iparralde,Baiona,nav-lab,eu,"Iparralde weekly newspaper, oldest Basque publication"
Herrikoia,https://herrikoia.eus,tokikoa,Hegoalde,Urduliz,western,eu,Uribe Kosta region
Hiruka,https://hiruka.eus,tokikoa,Hegoalde,Arrigorriaga,western,eu,✓ 1 article (7921 chars). Eskuinaldea (right bank) and Nerbioi [Tokikom member verified via Wikipedia]
Hitza.eus (aggregator),https://hitza.eus,agregatzailea,Hegoalde,Andoain,batua,eu,Aggregator of all Hitza local newspapers
Ipar Euskal Herriko Hitza,https://iparraldekohitza.eus,tokikoa,Iparralde,Baiona,nav-lab,eu,"⚠ paywall, no text. Iparralde-focused Basque news"
Irulegiko Irratia,https://www.irulegikoirratia.eus,irratia,Iparralde,Donibane Garazi,nav-lab,eu,Behe Nafarroa radio
Jakin,https://www.jakin.eus,aldizkaria,Hegoalde,Donostia,batua,eu,Cultural/social thought journal
Kalegats,https://kalegats.eus,tokikoa,Hegoalde,Zestoa,central,eu,Zestoa area
Kanaldude,https://www.kanaldude.eus,telebista,Iparralde,Donibane Garazi,nav-lab,eu,"Basque TV channel, Iparralde"
Karkara,https://karkara.eus,tokikoa,Hegoalde,Zarautz,central,eu,"⚠ sitemap OK, extraction failed. Zarautz and area [Tokikom member verified via Wikipedia]"
Kazeta.eus,https://www.kazeta.eus,tokikoa,Iparralde,Baiona,nav-lab,eu,Ipar Euskal Herria digital newspaper
Kortezubi,https://www.kortezubi.eus,tokikoa,Hegoalde,Kortezubi,western,eu,Tokikom member (from Wikipedia)
Kronika,https://kronika.eus,tokikoa,Hegoalde,Urretxu,central,eu,✓ 3 articles (1416 avg chars). Urola Garaia region [Tokikom member verified via Wikipedia]
Kudeatzea,https://kudeatzea.eus,tokikoa,Hegoalde,Etxebarri,western,eu,Etxebarri area
Lea-Artibai eta Mutrikuko Hitza,https://lea-artibai.hitza.eus,tokikoa,Hegoalde,Markina-Xemein,western,eu,"Lea-Artibai, Western dialect"
Maxixatzen,https://maxixatzen.eus,tokikoa,Hegoalde,Azkoitia,central,eu,Azkoitia area [Tokikom member verified via Wikipedia]
Nabarniz,https://www.nabarniz.eus,tokikoa,Hegoalde,Nabarniz,western,eu,Tokikom member (from Wikipedia)
Noaua!,https://noaua.eus,tokikoa,Hegoalde,Usurbil,central,eu,Usurbil local
Noticias de Gipuzkoa (euskara),https://www.noticiasdegipuzkoa.eus,egunkaria,Hegoalde,Donostia,es+batua,es+eu,"Spanish+Batua bilingual. Basque section, Gipuzkoa-focused"
Noticias de Álava (euskara),https://www.noticiasdealava.eus,egunkaria,Hegoalde,Gasteiz,es+batua,eu,"Spanish+Batua bilingual. Basque section, Araba-focused"
Oarso Bidasoko Hitza,https://oarsobidasoa.hitza.eus,tokikoa,Hegoalde,Oiartzun,central,eu,Oarso-Bidasoa region
Ospa,https://ospa.eus,tokikoa,Hegoalde,Arrasate,western,eu,Arrasate and surroundings
Parrapean,https://parrapean.eus,tokikoa,Hegoalde,Mungia,western,eu,Mungialdea region
Plaentxia,https://plaentxia.eus,tokikoa,Hegoalde,Soraluze,western,eu,Soraluze-Placencia
Prest!,https://www.prest.eus,tokikoa,Hegoalde,Deba,western,eu,Tokikom member (from Wikipedia)
Sustatu,https://sustatu.eus,blog,Hegoalde,Donostia,batua,eu,"Technology & culture blog, early Basque internet"
Tokikom,https://tokikom.eus,agregatzailea,Hegoalde,Bilbo,batua,eu,Aggregator of Basque local media
Tolosaldeko Hitza,https://tolosa.hitza.eus,tokikoa,Hegoalde,Tolosa,central,eu,"Tolosaldea region, Central dialect"
Ttipi-Ttapa,https://ttipi-ttapa.eus,tokikoa,Hegoalde,Elizondo,navarrese,eu,"Baztan-Bidasoa, Nafarroa — Navarrese dialect area [Tokikom member verified via Wikipedia]"
Txintxarri,https://txintxarri.eus,tokikoa,Hegoalde,Azkoitia,central,eu,"⚠ sitemap OK, extraction failed. Azkoitia area"
Uberan,https://uberan.eus,aldizkaria,Hegoalde,Donostia,batua,eu,Elhuyar's digital culture magazine
UK,https://www.ukberri.eus,tokikoa,Hegoalde,Bilbo,western,eu,Tokikom member (from Wikipedia)
Uriola,https://www.uriola.eus,tokikoa,Hegoalde,Bilbo,western,eu,Tokikom member (from Wikipedia)
Urolako Hitza,https://urola.hitza.eus,tokikoa,Hegoalde,Azpeitia,central,eu,"Urola region, Central dialect"
Uztarria,https://uztarria.eus,tokikoa,Hegoalde,Azpeitia,central,eu,✓ 10 articles (2088 avg chars). Azpeitia local [Tokikom member verified via Wikipedia]
Xiberoko Botza,https://xiberokobotza.org,irratia,Iparralde,Maule,souletin,eu,Zuberoa radio — Souletin dialect
Xorroxin Irratia,https://xorroxinirratia.eus,irratia,Hegoalde,Elizondo,navarrese,eu,"Baztan radio, Navarrese dialect"
Zinea.eus,https://www.zinea.eus,aldizkaria,Hegoalde,Lasarte-Oria,batua,eu,Basque cinema magazine
ZuZeu,https://zuzeu.eus,egunkaria,Hegoalde,Gasteiz,batua,eu,"Digital daily, opinion/culture"
Zuzeu (Iruñea),https://zuzeu.eus,egunkaria,Hegoalde,Iruñea,batua,eu,Also has Nafarroa focus
